{
    "precision": 0.6313888888888888,
    "recall": 0.5836111111111111,
    "fscore": 0.5554393559656717
}