{
    "precision": 0.01616161616161616,
    "recall": 0.1,
    "fscore": 0.027826086956521744
}