{
    "precision": 0.00909090909090909,
    "recall": 0.1,
    "fscore": 0.01666666666666667
}