{
    "precision": 0.012121212121212121,
    "recall": 0.1,
    "fscore": 0.021621621621621626
}