{
    "precision": 0.2805140774258421,
    "recall": 0.3133333333333333,
    "fscore": 0.23155178155178152
}