{
    "precision": 0.12658730158730158,
    "recall": 0.23295454545454547,
    "fscore": 0.14330825898065536
}