{
    "precision": 0.7292217285638338,
    "recall": 0.6954166666666667,
    "fscore": 0.6923948016208078
}