{
    "precision": 0.6280326617826618,
    "recall": 0.6197474747474747,
    "fscore": 0.609963304669187
}