{
    "precision": 0.5351007326007327,
    "recall": 0.4477705627705627,
    "fscore": 0.42826741336466734
}