{
    "precision": 0.7452106227106228,
    "recall": 0.6907647907647908,
    "fscore": 0.6993592915290708
}