{
    "precision": 0.08790322580645162,
    "recall": 0.14166666666666666,
    "fscore": 0.07619047619047618
}