{
    "precision": 0.5432111528822055,
    "recall": 0.5069119769119769,
    "fscore": 0.4607387875049045
}