{
    "precision": 0.7192032967032966,
    "recall": 0.7141275391275392,
    "fscore": 0.6814644997403618
}